[
    {
        "SR. No.": "1",
        "GR": "1",
        "name": "SAMPLE ONE",
        "standard": "7",
        "section": "D",
        "roll": "1",
        "dob": "2025/04/10",
        "T1EX-Guj": "50",
        "T1IN-Guj": "18",
        "T2EX-Guj": "66",
        "T2IN-Guj": "15",
        "T1EX-HIN": "10",
        "T1IN-HIN": "18",
        "T2EX-HIN": "10",
        "T2IN-HIN": "15",
        "T1EX-ENG": "50",
        "T1IN-ENG": "18",
        "T2EX-ENG": "66",
        "T2IN-ENG": "15",
        "T1EX-SAN": "50",
        "T1IN-SAN": "18",
        "T2EX-SAN": "66",
        "T2IN-SAN": "15",
        "T1EX-MTH": "50",
        "T1IN-MTH": "18",
        "T2EX-MTH": "66",
        "T2IN-MTH": "15",
        "T1EX-SCI": "50",
        "T1IN-SCI": "18",
        "T2EX-SCI": "66",
        "T2IN-SCI": "15",
        "T1EX-SS": "50",
        "T1IN-SS": "18",
        "T2EX-SS": "66",
        "T2IN-SS": "15",
        "GRD_art": "B+",
        "GRD_PT": "B+",
        "GRD_Com": "B+",
        "TO-T1 GUJ": "68",
        "TO-T1 HIN": "28",
        "TO-T1 ENG": "68",
        "TO-T1 SAN": "68",
        "TO-T1 MTH": "68",
        "TO-T1 SCI": "68",
        "TO-T1 SS": "68",
        "TO-T2 GUJ": "81",
        "TO-T2 HIN": "25",
        "TO-T2 ENG": "81",
        "TO-T2 SAN": "81",
        "TO-T2 MTH": "81",
        "TO-T2 SCI": "81",
        "TO-T2 SS": "81",
        "GUJTM-1+2": "149",
        "HINTM-1+2": "53",
        "ENGTM-1+2": "149",
        "SANTM-1+2": "149",
        "MTHTM-1+2": "149",
        "SCITM-1+2": "149",
        "SSTM-1+2": "149",
        "GUJTM100": "75",
        "HINTM100": "27",
        "ENGTM100": "75",
        "SANTM100": "75",
        "MTHTM100": "75",
        "SCITM100": "75",
        "SSTM100": "75",
        "GUJGRD": "B+",
        "HINGRD": "E",
        "ENGGRD": "B+",
        "SANGRD": "B+",
        "MTHGRD": "B+",
        "SCIGRD": "B+",
        "SSGRD": "B+",
        "GTO": "477",
        "AR RESULT": "FAIL",
        "AR PERTANGE": "67.64",
        "AR OG": "B",
        "AR DATE": "28-Apr-25"
    },
    {
        "SR. No.": "1",
        "GR": "133",
        "name": "PATEL JAY B.",
        "standard": "7",
        "section": "D",
        "roll": "1",
        "dob": "2012/10/20",
        "T1EX-Guj": "74",
        "T1IN-Guj": "19",
        "T2EX-Guj": "76",
        "T2IN-Guj": "20",
        "T1EX-HIN": "57",
        "T1IN-HIN": "17",
        "T2EX-HIN": "72",
        "T2IN-HIN": "20",
        "T1EX-ENG": "78",
        "T1IN-ENG": "20",
        "T2EX-ENG": "67",
        "T2IN-ENG": "19",
        "T1EX-SAN": "71",
        "T1IN-SAN": "20",
        "T2EX-SAN": "74",
        "T2IN-SAN": "20",
        "T1EX-MTH": "75",
        "T1IN-MTH": "19",
        "T2EX-MTH": "77",
        "T2IN-MTH": "20",
        "T1EX-SCI": "69",
        "T1IN-SCI": "18",
        "T2EX-SCI": "79",
        "T2IN-SCI": "20",
        "T1EX-SS": "73",
        "T1IN-SS": "20",
        "T2EX-SS": "78",
        "T2IN-SS": "20",
        "GRD_art": "B+",
        "GRD_PT": "B",
        "GRD_Com": "A",
        "TO-T1 GUJ": "93",
        "TO-T1 HIN": "74",
        "TO-T1 ENG": "98",
        "TO-T1 SAN": "91",
        "TO-T1 MTH": "94",
        "TO-T1 SCI": "87",
        "TO-T1 SS": "93",
        "TO-T2 GUJ": "96",
        "TO-T2 HIN": "92",
        "TO-T2 ENG": "86",
        "TO-T2 SAN": "94",
        "TO-T2 MTH": "97",
        "TO-T2 SCI": "99",
        "TO-T2 SS": "98",
        "GUJTM-1+2": "189",
        "HINTM-1+2": "166",
        "ENGTM-1+2": "184",
        "SANTM-1+2": "185",
        "MTHTM-1+2": "191",
        "SCITM-1+2": "186",
        "SSTM-1+2": "191",
        "GUJTM100": "95",
        "HINTM100": "83",
        "ENGTM100": "92",
        "SANTM100": "93",
        "MTHTM100": "96",
        "SCITM100": "93",
        "SSTM100": "96",
        "GUJGRD": "A+",
        "HINGRD": "A",
        "ENGGRD": "A+",
        "SANGRD": "A+",
        "MTHGRD": "A+",
        "SCIGRD": "A+",
        "SSGRD": "A+",
        "GTO": "648",
        "AR RESULT": "PASS",
        "AR PERTANGE": "91.93",
        "AR OG": "A+",
        "AR DATE": "28-Apr-25"
    },
    {
        "SR. No.": "2",
        "GR": "128",
        "name": "PARMAR PARTH R.",
        "standard": "7",
        "section": "D",
        "roll": "2",
        "dob": "2012/06/27",
        "T1EX-Guj": "79",
        "T1IN-Guj": "20",
        "T2EX-Guj": "77",
        "T2IN-Guj": "20",
        "T1EX-HIN": "74",
        "T1IN-HIN": "20",
        "T2EX-HIN": "75",
        "T2IN-HIN": "20",
        "T1EX-ENG": "59",
        "T1IN-ENG": "18",
        "T2EX-ENG": "63",
        "T2IN-ENG": "19",
        "T1EX-SAN": "70",
        "T1IN-SAN": "20",
        "T2EX-SAN": "75",
        "T2IN-SAN": "20",
        "T1EX-MTH": "72",
        "T1IN-MTH": "20",
        "T2EX-MTH": "76",
        "T2IN-MTH": "20",
        "T1EX-SCI": "59",
        "T1IN-SCI": "17",
        "T2EX-SCI": "74",
        "T2IN-SCI": "20",
        "T1EX-SS": "77",
        "T1IN-SS": "20",
        "T2EX-SS": "75",
        "T2IN-SS": "20",
        "GRD_art": "A+",
        "GRD_PT": "A",
        "GRD_Com": "A",
        "TO-T1 GUJ": "99",
        "TO-T1 HIN": "94",
        "TO-T1 ENG": "77",
        "TO-T1 SAN": "90",
        "TO-T1 MTH": "92",
        "TO-T1 SCI": "76",
        "TO-T1 SS": "97",
        "TO-T2 GUJ": "97",
        "TO-T2 HIN": "95",
        "TO-T2 ENG": "82",
        "TO-T2 SAN": "95",
        "TO-T2 MTH": "96",
        "TO-T2 SCI": "94",
        "TO-T2 SS": "95",
        "GUJTM-1+2": "196",
        "HINTM-1+2": "189",
        "ENGTM-1+2": "159",
        "SANTM-1+2": "185",
        "MTHTM-1+2": "188",
        "SCITM-1+2": "170",
        "SSTM-1+2": "192",
        "GUJTM100": "98",
        "HINTM100": "95",
        "ENGTM100": "80",
        "SANTM100": "93",
        "MTHTM100": "94",
        "SCITM100": "85",
        "SSTM100": "96",
        "GUJGRD": "A+",
        "HINGRD": "A+",
        "ENGGRD": "B+",
        "SANGRD": "A+",
        "MTHGRD": "A+",
        "SCIGRD": "A",
        "SSGRD": "A+",
        "GTO": "641",
        "AR RESULT": "PASS",
        "AR PERTANGE": "92.57",
        "AR OG": "A+",
        "AR DATE": "28-Apr-25"
    },
    {
        "SR. No.": "3",
        "GR": "125",
        "name": "RATHOD MAHIPAL D.",
        "standard": "7",
        "section": "D",
        "roll": "3",
        "dob": "2012/02/09",
        "T1EX-Guj": "74",
        "T1IN-Guj": "20",
        "T2EX-Guj": "78",
        "T2IN-Guj": "20",
        "T1EX-HIN": "76",
        "T1IN-HIN": "20",
        "T2EX-HIN": "77",
        "T2IN-HIN": "20",
        "T1EX-ENG": "74",
        "T1IN-ENG": "20",
        "T2EX-ENG": "63",
        "T2IN-ENG": "19",
        "T1EX-SAN": "74",
        "T1IN-SAN": "20",
        "T2EX-SAN": "79",
        "T2IN-SAN": "20",
        "T1EX-MTH": "62",
        "T1IN-MTH": "19",
        "T2EX-MTH": "72",
        "T2IN-MTH": "20",
        "T1EX-SCI": "79",
        "T1IN-SCI": "20",
        "T2EX-SCI": "79",
        "T2IN-SCI": "20",
        "T1EX-SS": "74",
        "T1IN-SS": "20",
        "T2EX-SS": "80",
        "T2IN-SS": "20",
        "GRD_art": "A+",
        "GRD_PT": "A+",
        "GRD_Com": "A+",
        "TO-T1 GUJ": "94",
        "TO-T1 HIN": "96",
        "TO-T1 ENG": "94",
        "TO-T1 SAN": "94",
        "TO-T1 MTH": "81",
        "TO-T1 SCI": "99",
        "TO-T1 SS": "94",
        "TO-T2 GUJ": "98",
        "TO-T2 HIN": "97",
        "TO-T2 ENG": "82",
        "TO-T2 SAN": "99",
        "TO-T2 MTH": "92",
        "TO-T2 SCI": "99",
        "TO-T2 SS": "100",
        "GUJTM-1+2": "192",
        "HINTM-1+2": "193",
        "ENGTM-1+2": "176",
        "SANTM-1+2": "193",
        "MTHTM-1+2": "173",
        "SCITM-1+2": "198",
        "SSTM-1+2": "194",
        "GUJTM100": "96",
        "HINTM100": "97",
        "ENGTM100": "88",
        "SANTM100": "97",
        "MTHTM100": "87",
        "SCITM100": "99",
        "SSTM100": "97",
        "GUJGRD": "A+",
        "HINGRD": "A+",
        "ENGGRD": "A",
        "SANGRD": "A+",
        "MTHGRD": "A",
        "SCIGRD": "A+",
        "SSGRD": "A+",
        "GTO": "661",
        "AR RESULT": "PASS",
        "AR PERTANGE": "93.79",
        "AR OG": "A+",
        "AR DATE": "28-Apr-25"
    },
    {
        "SR. No.": "4",
        "GR": "3",
        "name": "BHATT ADITYA P.",
        "standard": "7",
        "section": "D",
        "roll": "4",
        "dob": "2012/07/11",
        "T1EX-Guj": "73",
        "T1IN-Guj": "19",
        "T2EX-Guj": "77",
        "T2IN-Guj": "20",
        "T1EX-HIN": "57",
        "T1IN-HIN": "17",
        "T2EX-HIN": "62",
        "T2IN-HIN": "19",
        "T1EX-ENG": "38",
        "T1IN-ENG": "17",
        "T2EX-ENG": "47",
        "T2IN-ENG": "18",
        "T1EX-SAN": "60",
        "T1IN-SAN": "19",
        "T2EX-SAN": "67",
        "T2IN-SAN": "20",
        "T1EX-MTH": "34",
        "T1IN-MTH": "17",
        "T2EX-MTH": "53",
        "T2IN-MTH": "18",
        "T1EX-SCI": "59",
        "T1IN-SCI": "17",
        "T2EX-SCI": "52",
        "T2IN-SCI": "18",
        "T1EX-SS": "51",
        "T1IN-SS": "18",
        "T2EX-SS": "57",
        "T2IN-SS": "18",
        "GRD_art": "A+",
        "GRD_PT": "A",
        "GRD_Com": "A",
        "TO-T1 GUJ": "92",
        "TO-T1 HIN": "74",
        "TO-T1 ENG": "55",
        "TO-T1 SAN": "79",
        "TO-T1 MTH": "51",
        "TO-T1 SCI": "76",
        "TO-T1 SS": "69",
        "TO-T2 GUJ": "97",
        "TO-T2 HIN": "81",
        "TO-T2 ENG": "65",
        "TO-T2 SAN": "87",
        "TO-T2 MTH": "71",
        "TO-T2 SCI": "70",
        "TO-T2 SS": "75",
        "GUJTM-1+2": "189",
        "HINTM-1+2": "155",
        "ENGTM-1+2": "120",
        "SANTM-1+2": "166",
        "MTHTM-1+2": "122",
        "SCITM-1+2": "146",
        "SSTM-1+2": "144",
        "GUJTM100": "95",
        "HINTM100": "78",
        "ENGTM100": "60",
        "SANTM100": "83",
        "MTHTM100": "61",
        "SCITM100": "73",
        "SSTM100": "72",
        "GUJGRD": "A+",
        "HINGRD": "B+",
        "ENGGRD": "C+",
        "SANGRD": "A",
        "MTHGRD": "B",
        "SCIGRD": "B+",
        "SSGRD": "B+",
        "GTO": "522",
        "AR RESULT": "PASS",
        "AR PERTANGE": "72.07",
        "AR OG": "B+",
        "AR DATE": "28-Apr-25"
    },
    {
        "SR. No.": "5",
        "GR": "4",
        "name": "BAMBHANIYA ABHIJIT M.",
        "standard": "7",
        "section": "D",
        "roll": "5",
        "dob": "2012/07/12",
        "T1EX-Guj": "77",
        "T1IN-Guj": "20",
        "T2EX-Guj": "78",
        "T2IN-Guj": "20",
        "T1EX-HIN": "74",
        "T1IN-HIN": "20",
        "T2EX-HIN": "74",
        "T2IN-HIN": "20",
        "T1EX-ENG": "63",
        "T1IN-ENG": "19",
        "T2EX-ENG": "62",
        "T2IN-ENG": "20",
        "T1EX-SAN": "75",
        "T1IN-SAN": "20",
        "T2EX-SAN": "74",
        "T2IN-SAN": "20",
        "T1EX-MTH": "58",
        "T1IN-MTH": "19",
        "T2EX-MTH": "73",
        "T2IN-MTH": "20",
        "T1EX-SCI": "64",
        "T1IN-SCI": "19",
        "T2EX-SCI": "76",
        "T2IN-SCI": "20",
        "T1EX-SS": "64",
        "T1IN-SS": "19",
        "T2EX-SS": "78",
        "T2IN-SS": "20",
        "GRD_art": "A",
        "GRD_PT": "A+",
        "GRD_Com": "A",
        "TO-T1 GUJ": "97",
        "TO-T1 HIN": "94",
        "TO-T1 ENG": "82",
        "TO-T1 SAN": "95",
        "TO-T1 MTH": "77",
        "TO-T1 SCI": "83",
        "TO-T1 SS": "83",
        "TO-T2 GUJ": "98",
        "TO-T2 HIN": "94",
        "TO-T2 ENG": "82",
        "TO-T2 SAN": "94",
        "TO-T2 MTH": "93",
        "TO-T2 SCI": "96",
        "TO-T2 SS": "98",
        "GUJTM-1+2": "195",
        "HINTM-1+2": "188",
        "ENGTM-1+2": "164",
        "SANTM-1+2": "189",
        "MTHTM-1+2": "170",
        "SCITM-1+2": "179",
        "SSTM-1+2": "181",
        "GUJTM100": "98",
        "HINTM100": "94",
        "ENGTM100": "82",
        "SANTM100": "95",
        "MTHTM100": "85",
        "SCITM100": "90",
        "SSTM100": "91",
        "GUJGRD": "A+",
        "HINGRD": "A+",
        "ENGGRD": "A",
        "SANGRD": "A+",
        "MTHGRD": "A",
        "SCIGRD": "A",
        "SSGRD": "A+",
        "GTO": "635",
        "AR RESULT": "PASS",
        "AR PERTANGE": "91.14",
        "AR OG": "A+",
        "AR DATE": "28-Apr-25"
    },
    {
        "SR. No.": "6",
        "GR": "5",
        "name": "KUSHAVAH SHIDHARTHSINH D.",
        "standard": "7",
        "section": "D",
        "roll": "6",
        "dob": "2012/10/31",
        "T1EX-Guj": "71",
        "T1IN-Guj": "17",
        "T2EX-Guj": "66",
        "T2IN-Guj": "19",
        "T1EX-HIN": "52",
        "T1IN-HIN": "17",
        "T2EX-HIN": "51",
        "T2IN-HIN": "18",
        "T1EX-ENG": "49",
        "T1IN-ENG": "18",
        "T2EX-ENG": "58",
        "T2IN-ENG": "19",
        "T1EX-SAN": "53",
        "T1IN-SAN": "18",
        "T2EX-SAN": "63",
        "T2IN-SAN": "20",
        "T1EX-MTH": "58",
        "T1IN-MTH": "18",
        "T2EX-MTH": "65",
        "T2IN-MTH": "19",
        "T1EX-SCI": "58",
        "T1IN-SCI": "17",
        "T2EX-SCI": "66",
        "T2IN-SCI": "19",
        "T1EX-SS": "42",
        "T1IN-SS": "17",
        "T2EX-SS": "61",
        "T2IN-SS": "20",
        "GRD_art": "A",
        "GRD_PT": "B+",
        "GRD_Com": "A",
        "TO-T1 GUJ": "88",
        "TO-T1 HIN": "69",
        "TO-T1 ENG": "67",
        "TO-T1 SAN": "71",
        "TO-T1 MTH": "76",
        "TO-T1 SCI": "75",
        "TO-T1 SS": "59",
        "TO-T2 GUJ": "85",
        "TO-T2 HIN": "69",
        "TO-T2 ENG": "77",
        "TO-T2 SAN": "83",
        "TO-T2 MTH": "84",
        "TO-T2 SCI": "85",
        "TO-T2 SS": "81",
        "GUJTM-1+2": "173",
        "HINTM-1+2": "138",
        "ENGTM-1+2": "144",
        "SANTM-1+2": "154",
        "MTHTM-1+2": "160",
        "SCITM-1+2": "160",
        "SSTM-1+2": "140",
        "GUJTM100": "87",
        "HINTM100": "69",
        "ENGTM100": "72",
        "SANTM100": "77",
        "MTHTM100": "80",
        "SCITM100": "80",
        "SSTM100": "70",
        "GUJGRD": "A",
        "HINGRD": "B",
        "ENGGRD": "B+",
        "SANGRD": "B+",
        "MTHGRD": "B+",
        "SCIGRD": "B+",
        "SSGRD": "B",
        "GTO": "535",
        "AR RESULT": "PASS",
        "AR PERTANGE": "76.86",
        "AR OG": "B+",
        "AR DATE": "28-Apr-25"
    },
    {
        "SR. No.": "7",
        "GR": "8",
        "name": "RUPARELIYA CHAITANY V.",
        "standard": "7",
        "section": "D",
        "roll": "7",
        "dob": "2012/06/25",
        "T1EX-Guj": "76",
        "T1IN-Guj": "20",
        "T2EX-Guj": "77",
        "T2IN-Guj": "20",
        "T1EX-HIN": "68",
        "T1IN-HIN": "20",
        "T2EX-HIN": "62",
        "T2IN-HIN": "20",
        "T1EX-ENG": "38",
        "T1IN-ENG": "17",
        "T2EX-ENG": "39",
        "T2IN-ENG": "18",
        "T1EX-SAN": "63",
        "T1IN-SAN": "20",
        "T2EX-SAN": "54",
        "T2IN-SAN": "19",
        "T1EX-MTH": "52",
        "T1IN-MTH": "18",
        "T2EX-MTH": "62",
        "T2IN-MTH": "19",
        "T1EX-SCI": "52",
        "T1IN-SCI": "18",
        "T2EX-SCI": "38",
        "T2IN-SCI": "19",
        "T1EX-SS": "49",
        "T1IN-SS": "18",
        "T2EX-SS": "56",
        "T2IN-SS": "20",
        "GRD_art": "A",
        "GRD_PT": "B+",
        "GRD_Com": "B",
        "TO-T1 GUJ": "96",
        "TO-T1 HIN": "88",
        "TO-T1 ENG": "55",
        "TO-T1 SAN": "83",
        "TO-T1 MTH": "70",
        "TO-T1 SCI": "70",
        "TO-T1 SS": "67",
        "TO-T2 GUJ": "97",
        "TO-T2 HIN": "82",
        "TO-T2 ENG": "57",
        "TO-T2 SAN": "73",
        "TO-T2 MTH": "81",
        "TO-T2 SCI": "57",
        "TO-T2 SS": "76",
        "GUJTM-1+2": "193",
        "HINTM-1+2": "170",
        "ENGTM-1+2": "112",
        "SANTM-1+2": "156",
        "MTHTM-1+2": "151",
        "SCITM-1+2": "127",
        "SSTM-1+2": "143",
        "GUJTM100": "97",
        "HINTM100": "85",
        "ENGTM100": "56",
        "SANTM100": "78",
        "MTHTM100": "76",
        "SCITM100": "64",
        "SSTM100": "72",
        "GUJGRD": "A+",
        "HINGRD": "A",
        "ENGGRD": "C+",
        "SANGRD": "B+",
        "MTHGRD": "B+",
        "SCIGRD": "B",
        "SSGRD": "B+",
        "GTO": "528",
        "AR RESULT": "PASS",
        "AR PERTANGE": "74.86",
        "AR OG": "B+",
        "AR DATE": "28-Apr-25"
    },
    {
        "SR. No.": "8",
        "GR": "10",
        "name": "PATEL MANTRA C.",
        "standard": "7",
        "section": "D",
        "roll": "8",
        "dob": "2012/11/08",
        "T1EX-Guj": "77",
        "T1IN-Guj": "19",
        "T2EX-Guj": "73",
        "T2IN-Guj": "20",
        "T1EX-HIN": "61",
        "T1IN-HIN": "18",
        "T2EX-HIN": "71",
        "T2IN-HIN": "20",
        "T1EX-ENG": "52",
        "T1IN-ENG": "19",
        "T2EX-ENG": "53",
        "T2IN-ENG": "19",
        "T1EX-SAN": "63",
        "T1IN-SAN": "19",
        "T2EX-SAN": "79",
        "T2IN-SAN": "20",
        "T1EX-MTH": "45",
        "T1IN-MTH": "17",
        "T2EX-MTH": "54",
        "T2IN-MTH": "18",
        "T1EX-SCI": "63",
        "T1IN-SCI": "18",
        "T2EX-SCI": "68",
        "T2IN-SCI": "19",
        "T1EX-SS": "63",
        "T1IN-SS": "19",
        "T2EX-SS": "75",
        "T2IN-SS": "20",
        "GRD_art": "A+",
        "GRD_PT": "A",
        "GRD_Com": "B",
        "TO-T1 GUJ": "96",
        "TO-T1 HIN": "79",
        "TO-T1 ENG": "71",
        "TO-T1 SAN": "82",
        "TO-T1 MTH": "62",
        "TO-T1 SCI": "81",
        "TO-T1 SS": "82",
        "TO-T2 GUJ": "93",
        "TO-T2 HIN": "91",
        "TO-T2 ENG": "72",
        "TO-T2 SAN": "99",
        "TO-T2 MTH": "72",
        "TO-T2 SCI": "87",
        "TO-T2 SS": "95",
        "GUJTM-1+2": "189",
        "HINTM-1+2": "170",
        "ENGTM-1+2": "143",
        "SANTM-1+2": "181",
        "MTHTM-1+2": "134",
        "SCITM-1+2": "168",
        "SSTM-1+2": "177",
        "GUJTM100": "95",
        "HINTM100": "85",
        "ENGTM100": "72",
        "SANTM100": "91",
        "MTHTM100": "67",
        "SCITM100": "84",
        "SSTM100": "89",
        "GUJGRD": "A+",
        "HINGRD": "A",
        "ENGGRD": "B+",
        "SANGRD": "A+",
        "MTHGRD": "B",
        "SCIGRD": "A",
        "SSGRD": "A",
        "GTO": "583",
        "AR RESULT": "PASS",
        "AR PERTANGE": "81.71",
        "AR OG": "A",
        "AR DATE": "28-Apr-25"
    },
    {
        "SR. No.": "9",
        "GR": "14",
        "name": "PATEL SMITKUMAR P.",
        "standard": "7",
        "section": "D",
        "roll": "9",
        "dob": "2013/03/19",
        "T1EX-Guj": "74",
        "T1IN-Guj": "20",
        "T2EX-Guj": "74",
        "T2IN-Guj": "20",
        "T1EX-HIN": "71",
        "T1IN-HIN": "20",
        "T2EX-HIN": "74",
        "T2IN-HIN": "20",
        "T1EX-ENG": "61",
        "T1IN-ENG": "20",
        "T2EX-ENG": "54",
        "T2IN-ENG": "19",
        "T1EX-SAN": "60",
        "T1IN-SAN": "20",
        "T2EX-SAN": "73",
        "T2IN-SAN": "20",
        "T1EX-MTH": "50",
        "T1IN-MTH": "19",
        "T2EX-MTH": "63",
        "T2IN-MTH": "20",
        "T1EX-SCI": "61",
        "T1IN-SCI": "19",
        "T2EX-SCI": "64",
        "T2IN-SCI": "20",
        "T1EX-SS": "62",
        "T1IN-SS": "20",
        "T2EX-SS": "78",
        "T2IN-SS": "20",
        "GRD_art": "A",
        "GRD_PT": "A",
        "GRD_Com": "A+",
        "TO-T1 GUJ": "94",
        "TO-T1 HIN": "91",
        "TO-T1 ENG": "81",
        "TO-T1 SAN": "80",
        "TO-T1 MTH": "69",
        "TO-T1 SCI": "80",
        "TO-T1 SS": "82",
        "TO-T2 GUJ": "94",
        "TO-T2 HIN": "94",
        "TO-T2 ENG": "73",
        "TO-T2 SAN": "93",
        "TO-T2 MTH": "83",
        "TO-T2 SCI": "84",
        "TO-T2 SS": "98",
        "GUJTM-1+2": "188",
        "HINTM-1+2": "185",
        "ENGTM-1+2": "154",
        "SANTM-1+2": "173",
        "MTHTM-1+2": "152",
        "SCITM-1+2": "164",
        "SSTM-1+2": "180",
        "GUJTM100": "94",
        "HINTM100": "93",
        "ENGTM100": "77",
        "SANTM100": "87",
        "MTHTM100": "76",
        "SCITM100": "82",
        "SSTM100": "90",
        "GUJGRD": "A+",
        "HINGRD": "A+",
        "ENGGRD": "B+",
        "SANGRD": "A",
        "MTHGRD": "B+",
        "SCIGRD": "A",
        "SSGRD": "A",
        "GTO": "599",
        "AR RESULT": "PASS",
        "AR PERTANGE": "85.71",
        "AR OG": "A",
        "AR DATE": "28-Apr-25"
    },
    {
        "SR. No.": "10",
        "GR": "53",
        "name": "SHIROYA YOGI G.",
        "standard": "7",
        "section": "D",
        "roll": "10",
        "dob": "2013/04/01",
        "T1EX-Guj": "72",
        "T1IN-Guj": "20",
        "T2EX-Guj": "76",
        "T2IN-Guj": "20",
        "T1EX-HIN": "60",
        "T1IN-HIN": "18",
        "T2EX-HIN": "63",
        "T2IN-HIN": "19",
        "T1EX-ENG": "33",
        "T1IN-ENG": "17",
        "T2EX-ENG": "44",
        "T2IN-ENG": "19",
        "T1EX-SAN": "48",
        "T1IN-SAN": "17",
        "T2EX-SAN": "74",
        "T2IN-SAN": "20",
        "T1EX-MTH": "56",
        "T1IN-MTH": "18",
        "T2EX-MTH": "71",
        "T2IN-MTH": "20",
        "T1EX-SCI": "48",
        "T1IN-SCI": "17",
        "T2EX-SCI": "63",
        "T2IN-SCI": "19",
        "T1EX-SS": "56",
        "T1IN-SS": "18",
        "T2EX-SS": "66",
        "T2IN-SS": "20",
        "GRD_art": "A",
        "GRD_PT": "A",
        "GRD_Com": "A",
        "TO-T1 GUJ": "92",
        "TO-T1 HIN": "78",
        "TO-T1 ENG": "50",
        "TO-T1 SAN": "65",
        "TO-T1 MTH": "74",
        "TO-T1 SCI": "65",
        "TO-T1 SS": "74",
        "TO-T2 GUJ": "96",
        "TO-T2 HIN": "82",
        "TO-T2 ENG": "63",
        "TO-T2 SAN": "94",
        "TO-T2 MTH": "91",
        "TO-T2 SCI": "82",
        "TO-T2 SS": "86",
        "GUJTM-1+2": "188",
        "HINTM-1+2": "160",
        "ENGTM-1+2": "113",
        "SANTM-1+2": "159",
        "MTHTM-1+2": "165",
        "SCITM-1+2": "147",
        "SSTM-1+2": "160",
        "GUJTM100": "94",
        "HINTM100": "80",
        "ENGTM100": "57",
        "SANTM100": "80",
        "MTHTM100": "83",
        "SCITM100": "74",
        "SSTM100": "80",
        "GUJGRD": "A+",
        "HINGRD": "B+",
        "ENGGRD": "C+",
        "SANGRD": "B+",
        "MTHGRD": "A",
        "SCIGRD": "B+",
        "SSGRD": "B+",
        "GTO": "548",
        "AR RESULT": "PASS",
        "AR PERTANGE": "78.86",
        "AR OG": "B+",
        "AR DATE": "28-Apr-25"
    },
    {
        "SR. No.": "11",
        "GR": "15",
        "name": "BHUPTANI MANAN P.",
        "standard": "7",
        "section": "D",
        "roll": "11",
        "dob": "2013/04/22",
        "T1EX-Guj": "74",
        "T1IN-Guj": "20",
        "T2EX-Guj": "73",
        "T2IN-Guj": "20",
        "T1EX-HIN": "58",
        "T1IN-HIN": "17",
        "T2EX-HIN": "68",
        "T2IN-HIN": "19",
        "T1EX-ENG": "40",
        "T1IN-ENG": "17",
        "T2EX-ENG": "56",
        "T2IN-ENG": "19",
        "T1EX-SAN": "63",
        "T1IN-SAN": "19",
        "T2EX-SAN": "72",
        "T2IN-SAN": "20",
        "T1EX-MTH": "53",
        "T1IN-MTH": "18",
        "T2EX-MTH": "65",
        "T2IN-MTH": "19",
        "T1EX-SCI": "32",
        "T1IN-SCI": "16",
        "T2EX-SCI": "62",
        "T2IN-SCI": "19",
        "T1EX-SS": "52",
        "T1IN-SS": "18",
        "T2EX-SS": "70",
        "T2IN-SS": "20",
        "GRD_art": "A+",
        "GRD_PT": "B+",
        "GRD_Com": "B",
        "TO-T1 GUJ": "94",
        "TO-T1 HIN": "75",
        "TO-T1 ENG": "57",
        "TO-T1 SAN": "82",
        "TO-T1 MTH": "71",
        "TO-T1 SCI": "48",
        "TO-T1 SS": "70",
        "TO-T2 GUJ": "93",
        "TO-T2 HIN": "87",
        "TO-T2 ENG": "75",
        "TO-T2 SAN": "92",
        "TO-T2 MTH": "84",
        "TO-T2 SCI": "81",
        "TO-T2 SS": "90",
        "GUJTM-1+2": "187",
        "HINTM-1+2": "162",
        "ENGTM-1+2": "132",
        "SANTM-1+2": "174",
        "MTHTM-1+2": "155",
        "SCITM-1+2": "129",
        "SSTM-1+2": "160",
        "GUJTM100": "94",
        "HINTM100": "81",
        "ENGTM100": "66",
        "SANTM100": "87",
        "MTHTM100": "78",
        "SCITM100": "65",
        "SSTM100": "80",
        "GUJGRD": "A+",
        "HINGRD": "A",
        "ENGGRD": "B",
        "SANGRD": "A",
        "MTHGRD": "B+",
        "SCIGRD": "B",
        "SSGRD": "B+",
        "GTO": "551",
        "AR RESULT": "PASS",
        "AR PERTANGE": "80.00",
        "AR OG": "B+",
        "AR DATE": "28-Apr-25"
    },
    {
        "SR. No.": "12",
        "GR": "16",
        "name": "CHUDASAMA ADITYA G.",
        "standard": "7",
        "section": "D",
        "roll": "12",
        "dob": "2011/08/10",
        "T1EX-Guj": "70",
        "T1IN-Guj": "18",
        "T2EX-Guj": "75",
        "T2IN-Guj": "20",
        "T1EX-HIN": "64",
        "T1IN-HIN": "18",
        "T2EX-HIN": "60",
        "T2IN-HIN": "19",
        "T1EX-ENG": "47",
        "T1IN-ENG": "17",
        "T2EX-ENG": "54",
        "T2IN-ENG": "19",
        "T1EX-SAN": "63",
        "T1IN-SAN": "19",
        "T2EX-SAN": "73",
        "T2IN-SAN": "20",
        "T1EX-MTH": "47",
        "T1IN-MTH": "17",
        "T2EX-MTH": "63",
        "T2IN-MTH": "19",
        "T1EX-SCI": "60",
        "T1IN-SCI": "18",
        "T2EX-SCI": "73",
        "T2IN-SCI": "20",
        "T1EX-SS": "69",
        "T1IN-SS": "19",
        "T2EX-SS": "68",
        "T2IN-SS": "20",
        "GRD_art": "A+",
        "GRD_PT": "A",
        "GRD_Com": "A+",
        "TO-T1 GUJ": "88",
        "TO-T1 HIN": "82",
        "TO-T1 ENG": "64",
        "TO-T1 SAN": "82",
        "TO-T1 MTH": "64",
        "TO-T1 SCI": "78",
        "TO-T1 SS": "88",
        "TO-T2 GUJ": "95",
        "TO-T2 HIN": "79",
        "TO-T2 ENG": "73",
        "TO-T2 SAN": "93",
        "TO-T2 MTH": "82",
        "TO-T2 SCI": "93",
        "TO-T2 SS": "88",
        "GUJTM-1+2": "183",
        "HINTM-1+2": "161",
        "ENGTM-1+2": "137",
        "SANTM-1+2": "175",
        "MTHTM-1+2": "146",
        "SCITM-1+2": "171",
        "SSTM-1+2": "176",
        "GUJTM100": "92",
        "HINTM100": "81",
        "ENGTM100": "69",
        "SANTM100": "88",
        "MTHTM100": "73",
        "SCITM100": "86",
        "SSTM100": "88",
        "GUJGRD": "A+",
        "HINGRD": "A",
        "ENGGRD": "B",
        "SANGRD": "A",
        "MTHGRD": "B+",
        "SCIGRD": "A",
        "SSGRD": "A",
        "GTO": "577",
        "AR RESULT": "PASS",
        "AR PERTANGE": "82.21",
        "AR OG": "A",
        "AR DATE": "28-Apr-25"
    },
    {
        "SR. No.": "13",
        "GR": "17",
        "name": "PATEL AARAV A.",
        "standard": "7",
        "section": "D",
        "roll": "13",
        "dob": "2012/05/18",
        "T1EX-Guj": "74",
        "T1IN-Guj": "20",
        "T2EX-Guj": "71",
        "T2IN-Guj": "20",
        "T1EX-HIN": "55",
        "T1IN-HIN": "19",
        "T2EX-HIN": "59",
        "T2IN-HIN": "18",
        "T1EX-ENG": "70",
        "T1IN-ENG": "20",
        "T2EX-ENG": "64",
        "T2IN-ENG": "20",
        "T1EX-SAN": "60",
        "T1IN-SAN": "19",
        "T2EX-SAN": "62",
        "T2IN-SAN": "20",
        "T1EX-MTH": "58",
        "T1IN-MTH": "19",
        "T2EX-MTH": "60",
        "T2IN-MTH": "19",
        "T1EX-SCI": "61",
        "T1IN-SCI": "19",
        "T2EX-SCI": "74",
        "T2IN-SCI": "20",
        "T1EX-SS": "59",
        "T1IN-SS": "19",
        "T2EX-SS": "78",
        "T2IN-SS": "20",
        "GRD_art": "B+",
        "GRD_PT": "A",
        "GRD_Com": "A+",
        "TO-T1 GUJ": "94",
        "TO-T1 HIN": "74",
        "TO-T1 ENG": "90",
        "TO-T1 SAN": "79",
        "TO-T1 MTH": "77",
        "TO-T1 SCI": "80",
        "TO-T1 SS": "78",
        "TO-T2 GUJ": "91",
        "TO-T2 HIN": "77",
        "TO-T2 ENG": "84",
        "TO-T2 SAN": "82",
        "TO-T2 MTH": "79",
        "TO-T2 SCI": "94",
        "TO-T2 SS": "98",
        "GUJTM-1+2": "185",
        "HINTM-1+2": "151",
        "ENGTM-1+2": "174",
        "SANTM-1+2": "161",
        "MTHTM-1+2": "156",
        "SCITM-1+2": "174",
        "SSTM-1+2": "176",
        "GUJTM100": "93",
        "HINTM100": "76",
        "ENGTM100": "87",
        "SANTM100": "81",
        "MTHTM100": "78",
        "SCITM100": "87",
        "SSTM100": "88",
        "GUJGRD": "A+",
        "HINGRD": "B+",
        "ENGGRD": "A",
        "SANGRD": "A",
        "MTHGRD": "B+",
        "SCIGRD": "A",
        "SSGRD": "A",
        "GTO": "590",
        "AR RESULT": "PASS",
        "AR PERTANGE": "84.29",
        "AR OG": "A",
        "AR DATE": "28-Apr-25"
    },
    {
        "SR. No.": "14",
        "GR": "49",
        "name": "DOMADIYA CHAITANYA R.",
        "standard": "7",
        "section": "D",
        "roll": "14",
        "dob": "2012/09/03",
        "T1EX-Guj": "72",
        "T1IN-Guj": "17",
        "T2EX-Guj": "65",
        "T2IN-Guj": "19",
        "T1EX-HIN": "61",
        "T1IN-HIN": "18",
        "T2EX-HIN": "50",
        "T2IN-HIN": "18",
        "T1EX-ENG": "33",
        "T1IN-ENG": "17",
        "T2EX-ENG": "34",
        "T2IN-ENG": "18",
        "T1EX-SAN": "59",
        "T1IN-SAN": "18",
        "T2EX-SAN": "56",
        "T2IN-SAN": "19",
        "T1EX-MTH": "43",
        "T1IN-MTH": "17",
        "T2EX-MTH": "48",
        "T2IN-MTH": "17",
        "T1EX-SCI": "52",
        "T1IN-SCI": "17",
        "T2EX-SCI": "37",
        "T2IN-SCI": "17",
        "T1EX-SS": "49",
        "T1IN-SS": "17",
        "T2EX-SS": "35",
        "T2IN-SS": "17",
        "GRD_art": "C",
        "GRD_PT": "B",
        "GRD_Com": "B",
        "TO-T1 GUJ": "89",
        "TO-T1 HIN": "79",
        "TO-T1 ENG": "50",
        "TO-T1 SAN": "77",
        "TO-T1 MTH": "60",
        "TO-T1 SCI": "69",
        "TO-T1 SS": "66",
        "TO-T2 GUJ": "84",
        "TO-T2 HIN": "68",
        "TO-T2 ENG": "52",
        "TO-T2 SAN": "75",
        "TO-T2 MTH": "65",
        "TO-T2 SCI": "54",
        "TO-T2 SS": "52",
        "GUJTM-1+2": "173",
        "HINTM-1+2": "147",
        "ENGTM-1+2": "102",
        "SANTM-1+2": "152",
        "MTHTM-1+2": "125",
        "SCITM-1+2": "123",
        "SSTM-1+2": "118",
        "GUJTM100": "87",
        "HINTM100": "74",
        "ENGTM100": "51",
        "SANTM100": "76",
        "MTHTM100": "63",
        "SCITM100": "62",
        "SSTM100": "59",
        "GUJGRD": "A",
        "HINGRD": "B+",
        "ENGGRD": "C+",
        "SANGRD": "B+",
        "MTHGRD": "B",
        "SCIGRD": "B",
        "SSGRD": "C+",
        "GTO": "472",
        "AR RESULT": "PASS",
        "AR PERTANGE": "65.50",
        "AR OG": "B",
        "AR DATE": "28-Apr-25"
    },
    {
        "SR. No.": "15",
        "GR": "56",
        "name": "VINAYKUMAR B. PATEL",
        "standard": "7",
        "section": "D",
        "roll": "15",
        "dob": "2012/12/30",
        "T1EX-Guj": "56",
        "T1IN-Guj": "17",
        "T2EX-Guj": "64",
        "T2IN-Guj": "19",
        "T1EX-HIN": "52",
        "T1IN-HIN": "17",
        "T2EX-HIN": "30",
        "T2IN-HIN": "17",
        "T1EX-ENG": "21",
        "T1IN-ENG": "17",
        "T2EX-ENG": "20",
        "T2IN-ENG": "18",
        "T1EX-SAN": "38",
        "T1IN-SAN": "17",
        "T2EX-SAN": "27",
        "T2IN-SAN": "17",
        "T1EX-MTH": "31",
        "T1IN-MTH": "16",
        "T2EX-MTH": "14",
        "T2IN-MTH": "17",
        "T1EX-SCI": "26",
        "T1IN-SCI": "16",
        "T2EX-SCI": "23",
        "T2IN-SCI": "17",
        "T1EX-SS": "45",
        "T1IN-SS": "17",
        "T2EX-SS": "29",
        "T2IN-SS": "17",
        "GRD_art": "A",
        "GRD_PT": "B+",
        "GRD_Com": "C",
        "TO-T1 GUJ": "73",
        "TO-T1 HIN": "69",
        "TO-T1 ENG": "38",
        "TO-T1 SAN": "55",
        "TO-T1 MTH": "47",
        "TO-T1 SCI": "42",
        "TO-T1 SS": "62",
        "TO-T2 GUJ": "83",
        "TO-T2 HIN": "47",
        "TO-T2 ENG": "38",
        "TO-T2 SAN": "44",
        "TO-T2 MTH": "31",
        "TO-T2 SCI": "40",
        "TO-T2 SS": "46",
        "GUJTM-1+2": "156",
        "HINTM-1+2": "116",
        "ENGTM-1+2": "76",
        "SANTM-1+2": "99",
        "MTHTM-1+2": "78",
        "SCITM-1+2": "82",
        "SSTM-1+2": "108",
        "GUJTM100": "78",
        "HINTM100": "58",
        "ENGTM100": "38",
        "SANTM100": "50",
        "MTHTM100": "39",
        "SCITM100": "41",
        "SSTM100": "54",
        "GUJGRD": "B+",
        "HINGRD": "C+",
        "ENGGRD": "D",
        "SANGRD": "C",
        "MTHGRD": "D",
        "SCIGRD": "C",
        "SSGRD": "C+",
        "GTO": "358",
        "AR RESULT": "PASS",
        "AR PERTANGE": "49.36",
        "AR OG": "C",
        "AR DATE": "28-Apr-25"
    },
    {
        "SR. No.": "16",
        "GR": "65",
        "name": "ODEDARA KARAN M.",
        "standard": "7",
        "section": "D",
        "roll": "16",
        "dob": "2012/11/04",
        "T1EX-Guj": "68",
        "T1IN-Guj": "17",
        "T2EX-Guj": "70",
        "T2IN-Guj": "20",
        "T1EX-HIN": "53",
        "T1IN-HIN": "17",
        "T2EX-HIN": "47",
        "T2IN-HIN": "17",
        "T1EX-ENG": "37",
        "T1IN-ENG": "17",
        "T2EX-ENG": "33",
        "T2IN-ENG": "18",
        "T1EX-SAN": "55",
        "T1IN-SAN": "18",
        "T2EX-SAN": "48",
        "T2IN-SAN": "18",
        "T1EX-MTH": "33",
        "T1IN-MTH": "16",
        "T2EX-MTH": "54",
        "T2IN-MTH": "18",
        "T1EX-SCI": "28",
        "T1IN-SCI": "16",
        "T2EX-SCI": "42",
        "T2IN-SCI": "18",
        "T1EX-SS": "55",
        "T1IN-SS": "18",
        "T2EX-SS": "42",
        "T2IN-SS": "18",
        "GRD_art": "A",
        "GRD_PT": "A",
        "GRD_Com": "C",
        "TO-T1 GUJ": "85",
        "TO-T1 HIN": "70",
        "TO-T1 ENG": "54",
        "TO-T1 SAN": "73",
        "TO-T1 MTH": "49",
        "TO-T1 SCI": "44",
        "TO-T1 SS": "73",
        "TO-T2 GUJ": "90",
        "TO-T2 HIN": "64",
        "TO-T2 ENG": "51",
        "TO-T2 SAN": "66",
        "TO-T2 MTH": "72",
        "TO-T2 SCI": "60",
        "TO-T2 SS": "60",
        "GUJTM-1+2": "175",
        "HINTM-1+2": "134",
        "ENGTM-1+2": "105",
        "SANTM-1+2": "139",
        "MTHTM-1+2": "121",
        "SCITM-1+2": "104",
        "SSTM-1+2": "133",
        "GUJTM100": "88",
        "HINTM100": "67",
        "ENGTM100": "53",
        "SANTM100": "70",
        "MTHTM100": "61",
        "SCITM100": "52",
        "SSTM100": "67",
        "GUJGRD": "A",
        "HINGRD": "B",
        "ENGGRD": "C+",
        "SANGRD": "B",
        "MTHGRD": "B",
        "SCIGRD": "C+",
        "SSGRD": "B",
        "GTO": "458",
        "AR RESULT": "PASS",
        "AR PERTANGE": "65.57",
        "AR OG": "B",
        "AR DATE": "28-Apr-25"
    },
    {
        "SR. No.": "17",
        "GR": "101",
        "name": "PARMAR BHAGIRATHSINH S.",
        "standard": "7",
        "section": "D",
        "roll": "17",
        "dob": "2011/07/15",
        "T1EX-Guj": "60",
        "T1IN-Guj": "17",
        "T2EX-Guj": "64",
        "T2IN-Guj": "19",
        "T1EX-HIN": "44",
        "T1IN-HIN": "16",
        "T2EX-HIN": "40",
        "T2IN-HIN": "17",
        "T1EX-ENG": "41",
        "T1IN-ENG": "17",
        "T2EX-ENG": "40",
        "T2IN-ENG": "18",
        "T1EX-SAN": "49",
        "T1IN-SAN": "17",
        "T2EX-SAN": "55",
        "T2IN-SAN": "19",
        "T1EX-MTH": "34",
        "T1IN-MTH": "16",
        "T2EX-MTH": "51",
        "T2IN-MTH": "18",
        "T1EX-SCI": "39",
        "T1IN-SCI": "16",
        "T2EX-SCI": "35",
        "T2IN-SCI": "17",
        "T1EX-SS": "45",
        "T1IN-SS": "17",
        "T2EX-SS": "52",
        "T2IN-SS": "18",
        "GRD_art": "A+",
        "GRD_PT": "A+",
        "GRD_Com": "C",
        "TO-T1 GUJ": "77",
        "TO-T1 HIN": "60",
        "TO-T1 ENG": "58",
        "TO-T1 SAN": "66",
        "TO-T1 MTH": "50",
        "TO-T1 SCI": "55",
        "TO-T1 SS": "62",
        "TO-T2 GUJ": "83",
        "TO-T2 HIN": "57",
        "TO-T2 ENG": "58",
        "TO-T2 SAN": "74",
        "TO-T2 MTH": "69",
        "TO-T2 SCI": "52",
        "TO-T2 SS": "70",
        "GUJTM-1+2": "160",
        "HINTM-1+2": "117",
        "ENGTM-1+2": "116",
        "SANTM-1+2": "140",
        "MTHTM-1+2": "119",
        "SCITM-1+2": "107",
        "SSTM-1+2": "132",
        "GUJTM100": "80",
        "HINTM100": "59",
        "ENGTM100": "58",
        "SANTM100": "70",
        "MTHTM100": "60",
        "SCITM100": "54",
        "SSTM100": "66",
        "GUJGRD": "B+",
        "HINGRD": "C+",
        "ENGGRD": "C+",
        "SANGRD": "B",
        "MTHGRD": "C+",
        "SCIGRD": "C+",
        "SSGRD": "B",
        "GTO": "447",
        "AR RESULT": "PASS",
        "AR PERTANGE": "64.07",
        "AR OG": "B",
        "AR DATE": "28-Apr-25"
    },
    {
        "SR. No.": "18",
        "GR": "81",
        "name": "RAMKABIR AVADH J.",
        "standard": "7",
        "section": "D",
        "roll": "18",
        "dob": "2013/02/16",
        "T1EX-Guj": "73",
        "T1IN-Guj": "18",
        "T2EX-Guj": "72",
        "T2IN-Guj": "20",
        "T1EX-HIN": "50",
        "T1IN-HIN": "17",
        "T2EX-HIN": "60",
        "T2IN-HIN": "19",
        "T1EX-ENG": "36",
        "T1IN-ENG": "17",
        "T2EX-ENG": "35",
        "T2IN-ENG": "18",
        "T1EX-SAN": "43",
        "T1IN-SAN": "17",
        "T2EX-SAN": "54",
        "T2IN-SAN": "19",
        "T1EX-MTH": "35",
        "T1IN-MTH": "16",
        "T2EX-MTH": "41",
        "T2IN-MTH": "17",
        "T1EX-SCI": "27",
        "T1IN-SCI": "16",
        "T2EX-SCI": "31",
        "T2IN-SCI": "17",
        "T1EX-SS": "35",
        "T1IN-SS": "16",
        "T2EX-SS": "54",
        "T2IN-SS": "18",
        "GRD_art": "A",
        "GRD_PT": "A",
        "GRD_Com": "A",
        "TO-T1 GUJ": "91",
        "TO-T1 HIN": "67",
        "TO-T1 ENG": "53",
        "TO-T1 SAN": "60",
        "TO-T1 MTH": "51",
        "TO-T1 SCI": "43",
        "TO-T1 SS": "51",
        "TO-T2 GUJ": "92",
        "TO-T2 HIN": "79",
        "TO-T2 ENG": "53",
        "TO-T2 SAN": "73",
        "TO-T2 MTH": "58",
        "TO-T2 SCI": "48",
        "TO-T2 SS": "72",
        "GUJTM-1+2": "183",
        "HINTM-1+2": "146",
        "ENGTM-1+2": "106",
        "SANTM-1+2": "133",
        "MTHTM-1+2": "109",
        "SCITM-1+2": "91",
        "SSTM-1+2": "123",
        "GUJTM100": "92",
        "HINTM100": "73",
        "ENGTM100": "53",
        "SANTM100": "67",
        "MTHTM100": "55",
        "SCITM100": "46",
        "SSTM100": "62",
        "GUJGRD": "A+",
        "HINGRD": "B+",
        "ENGGRD": "C+",
        "SANGRD": "B",
        "MTHGRD": "C+",
        "SCIGRD": "C",
        "SSGRD": "B",
        "GTO": "448",
        "AR RESULT": "PASS",
        "AR PERTANGE": "62.57",
        "AR OG": "B",
        "AR DATE": "28-Apr-25"
    },
    {
        "SR. No.": "19",
        "GR": "115",
        "name": "BAGADA HARSH R.",
        "standard": "7",
        "section": "D",
        "roll": "19",
        "dob": "2012/10/10",
        "T1EX-Guj": "64",
        "T1IN-Guj": "17",
        "T2EX-Guj": "67",
        "T2IN-Guj": "18",
        "T1EX-HIN": "38",
        "T1IN-HIN": "16",
        "T2EX-HIN": "35",
        "T2IN-HIN": "17",
        "T1EX-ENG": "33",
        "T1IN-ENG": "17",
        "T2EX-ENG": "30",
        "T2IN-ENG": "18",
        "T1EX-SAN": "30",
        "T1IN-SAN": "17",
        "T2EX-SAN": "54",
        "T2IN-SAN": "19",
        "T1EX-MTH": "37",
        "T1IN-MTH": "16",
        "T2EX-MTH": "50",
        "T2IN-MTH": "18",
        "T1EX-SCI": "33",
        "T1IN-SCI": "16",
        "T2EX-SCI": "28",
        "T2IN-SCI": "17",
        "T1EX-SS": "31",
        "T1IN-SS": "16",
        "T2EX-SS": "59",
        "T2IN-SS": "19",
        "GRD_art": "A+",
        "GRD_PT": "A+",
        "GRD_Com": "B",
        "TO-T1 GUJ": "81",
        "TO-T1 HIN": "54",
        "TO-T1 ENG": "50",
        "TO-T1 SAN": "47",
        "TO-T1 MTH": "53",
        "TO-T1 SCI": "49",
        "TO-T1 SS": "47",
        "TO-T2 GUJ": "85",
        "TO-T2 HIN": "52",
        "TO-T2 ENG": "48",
        "TO-T2 SAN": "73",
        "TO-T2 MTH": "68",
        "TO-T2 SCI": "45",
        "TO-T2 SS": "78",
        "GUJTM-1+2": "166",
        "HINTM-1+2": "106",
        "ENGTM-1+2": "98",
        "SANTM-1+2": "120",
        "MTHTM-1+2": "121",
        "SCITM-1+2": "94",
        "SSTM-1+2": "125",
        "GUJTM100": "83",
        "HINTM100": "53",
        "ENGTM100": "49",
        "SANTM100": "60",
        "MTHTM100": "61",
        "SCITM100": "47",
        "SSTM100": "63",
        "GUJGRD": "A",
        "HINGRD": "C+",
        "ENGGRD": "C",
        "SANGRD": "C+",
        "MTHGRD": "B",
        "SCIGRD": "C",
        "SSGRD": "B",
        "GTO": "416",
        "AR RESULT": "PASS",
        "AR PERTANGE": "60.36",
        "AR OG": "C+",
        "AR DATE": "28-Apr-25"
    },
    {
        "SR. No.": "20",
        "GR": "116",
        "name": "AADROJA YUGKUMAR A.",
        "standard": "7",
        "section": "D",
        "roll": "20",
        "dob": "2012/10/19",
        "T1EX-Guj": "67",
        "T1IN-Guj": "18",
        "T2EX-Guj": "71",
        "T2IN-Guj": "20",
        "T1EX-HIN": "54",
        "T1IN-HIN": "17",
        "T2EX-HIN": "59",
        "T2IN-HIN": "18",
        "T1EX-ENG": "23",
        "T1IN-ENG": "17",
        "T2EX-ENG": "24",
        "T2IN-ENG": "18",
        "T1EX-SAN": "41",
        "T1IN-SAN": "17",
        "T2EX-SAN": "47",
        "T2IN-SAN": "18",
        "T1EX-MTH": "47",
        "T1IN-MTH": "17",
        "T2EX-MTH": "59",
        "T2IN-MTH": "18",
        "T1EX-SCI": "22",
        "T1IN-SCI": "16",
        "T2EX-SCI": "33",
        "T2IN-SCI": "17",
        "T1EX-SS": "19",
        "T1IN-SS": "16",
        "T2EX-SS": "36",
        "T2IN-SS": "17",
        "GRD_art": "B+",
        "GRD_PT": "A",
        "GRD_Com": "B",
        "TO-T1 GUJ": "85",
        "TO-T1 HIN": "71",
        "TO-T1 ENG": "40",
        "TO-T1 SAN": "58",
        "TO-T1 MTH": "64",
        "TO-T1 SCI": "38",
        "TO-T1 SS": "35",
        "TO-T2 GUJ": "91",
        "TO-T2 HIN": "77",
        "TO-T2 ENG": "42",
        "TO-T2 SAN": "65",
        "TO-T2 MTH": "77",
        "TO-T2 SCI": "50",
        "TO-T2 SS": "53",
        "GUJTM-1+2": "176",
        "HINTM-1+2": "148",
        "ENGTM-1+2": "82",
        "SANTM-1+2": "123",
        "MTHTM-1+2": "141",
        "SCITM-1+2": "88",
        "SSTM-1+2": "88",
        "GUJTM100": "88",
        "HINTM100": "74",
        "ENGTM100": "41",
        "SANTM100": "62",
        "MTHTM100": "71",
        "SCITM100": "44",
        "SSTM100": "44",
        "GUJGRD": "A",
        "HINGRD": "B+",
        "ENGGRD": "C",
        "SANGRD": "B",
        "MTHGRD": "B+",
        "SCIGRD": "C",
        "SSGRD": "C",
        "GTO": "424",
        "AR RESULT": "PASS",
        "AR PERTANGE": "60.21",
        "AR OG": "C+",
        "AR DATE": "28-Apr-25"
    },
    {
        "SR. No.": "21",
        "GR": "54",
        "name": "RAVAT SACHINKUMAR G.",
        "standard": "7",
        "section": "D",
        "roll": "21",
        "dob": "2012/06/21",
        "T1EX-Guj": "66",
        "T1IN-Guj": "17",
        "T2EX-Guj": "64",
        "T2IN-Guj": "19",
        "T1EX-HIN": "64",
        "T1IN-HIN": "18",
        "T2EX-HIN": "64",
        "T2IN-HIN": "19",
        "T1EX-ENG": "35",
        "T1IN-ENG": "17",
        "T2EX-ENG": "38",
        "T2IN-ENG": "18",
        "T1EX-SAN": "44",
        "T1IN-SAN": "17",
        "T2EX-SAN": "52",
        "T2IN-SAN": "19",
        "T1EX-MTH": "31",
        "T1IN-MTH": "16",
        "T2EX-MTH": "40",
        "T2IN-MTH": "17",
        "T1EX-SCI": "26",
        "T1IN-SCI": "16",
        "T2EX-SCI": "38",
        "T2IN-SCI": "17",
        "T1EX-SS": "37",
        "T1IN-SS": "16",
        "T2EX-SS": "36",
        "T2IN-SS": "17",
        "GRD_art": "A",
        "GRD_PT": "A+",
        "GRD_Com": "B",
        "TO-T1 GUJ": "83",
        "TO-T1 HIN": "82",
        "TO-T1 ENG": "52",
        "TO-T1 SAN": "61",
        "TO-T1 MTH": "47",
        "TO-T1 SCI": "42",
        "TO-T1 SS": "53",
        "TO-T2 GUJ": "83",
        "TO-T2 HIN": "83",
        "TO-T2 ENG": "56",
        "TO-T2 SAN": "71",
        "TO-T2 MTH": "57",
        "TO-T2 SCI": "55",
        "TO-T2 SS": "53",
        "GUJTM-1+2": "166",
        "HINTM-1+2": "165",
        "ENGTM-1+2": "108",
        "SANTM-1+2": "132",
        "MTHTM-1+2": "104",
        "SCITM-1+2": "97",
        "SSTM-1+2": "106",
        "GUJTM100": "83",
        "HINTM100": "83",
        "ENGTM100": "54",
        "SANTM100": "66",
        "MTHTM100": "52",
        "SCITM100": "49",
        "SSTM100": "53",
        "GUJGRD": "A",
        "HINGRD": "A",
        "ENGGRD": "C+",
        "SANGRD": "B",
        "MTHGRD": "C+",
        "SCIGRD": "C",
        "SSGRD": "C+",
        "GTO": "440",
        "AR RESULT": "PASS",
        "AR PERTANGE": "61.71",
        "AR OG": "B",
        "AR DATE": "28-Apr-25"
    },
    {
        "SR. No.": "22",
        "GR": "58",
        "name": "RAJAPUT RUDRA K.",
        "standard": "7",
        "section": "D",
        "roll": "22",
        "dob": "2012/08/21",
        "T1EX-Guj": "76",
        "T1IN-Guj": "17",
        "T2EX-Guj": "66",
        "T2IN-Guj": "18",
        "T1EX-HIN": "51",
        "T1IN-HIN": "17",
        "T2EX-HIN": "51",
        "T2IN-HIN": "18",
        "T1EX-ENG": "35",
        "T1IN-ENG": "17",
        "T2EX-ENG": "48",
        "T2IN-ENG": "19",
        "T1EX-SAN": "41",
        "T1IN-SAN": "17",
        "T2EX-SAN": "69",
        "T2IN-SAN": "20",
        "T1EX-MTH": "32",
        "T1IN-MTH": "16",
        "T2EX-MTH": "50",
        "T2IN-MTH": "18",
        "T1EX-SCI": "43",
        "T1IN-SCI": "17",
        "T2EX-SCI": "43",
        "T2IN-SCI": "18",
        "T1EX-SS": "56",
        "T1IN-SS": "18",
        "T2EX-SS": "52",
        "T2IN-SS": "18",
        "GRD_art": "A",
        "GRD_PT": "B",
        "GRD_Com": "B",
        "TO-T1 GUJ": "93",
        "TO-T1 HIN": "68",
        "TO-T1 ENG": "52",
        "TO-T1 SAN": "58",
        "TO-T1 MTH": "48",
        "TO-T1 SCI": "60",
        "TO-T1 SS": "74",
        "TO-T2 GUJ": "84",
        "TO-T2 HIN": "69",
        "TO-T2 ENG": "67",
        "TO-T2 SAN": "89",
        "TO-T2 MTH": "68",
        "TO-T2 SCI": "61",
        "TO-T2 SS": "70",
        "GUJTM-1+2": "177",
        "HINTM-1+2": "137",
        "ENGTM-1+2": "119",
        "SANTM-1+2": "147",
        "MTHTM-1+2": "116",
        "SCITM-1+2": "121",
        "SSTM-1+2": "144",
        "GUJTM100": "89",
        "HINTM100": "69",
        "ENGTM100": "60",
        "SANTM100": "74",
        "MTHTM100": "58",
        "SCITM100": "61",
        "SSTM100": "72",
        "GUJGRD": "A",
        "HINGRD": "B",
        "ENGGRD": "C+",
        "SANGRD": "B+",
        "MTHGRD": "C+",
        "SCIGRD": "B",
        "SSGRD": "B+",
        "GTO": "483",
        "AR RESULT": "PASS",
        "AR PERTANGE": "68.21",
        "AR OG": "B",
        "AR DATE": "28-Apr-25"
    },
    {
        "SR. No.": "23",
        "GR": "36",
        "name": "AMLIYAR VILAJBHAI D.",
        "standard": "7",
        "section": "D",
        "roll": "23",
        "dob": "2011/11/03",
        "T1EX-Guj": "59",
        "T1IN-Guj": "17",
        "T2EX-Guj": "60",
        "T2IN-Guj": "17",
        "T1EX-HIN": "49",
        "T1IN-HIN": "16",
        "T2EX-HIN": "33",
        "T2IN-HIN": "17",
        "T1EX-ENG": "22",
        "T1IN-ENG": "17",
        "T2EX-ENG": "23",
        "T2IN-ENG": "18",
        "T1EX-SAN": "38",
        "T1IN-SAN": "17",
        "T2EX-SAN": "42",
        "T2IN-SAN": "18",
        "T1EX-MTH": "21",
        "T1IN-MTH": "16",
        "T2EX-MTH": "29",
        "T2IN-MTH": "17",
        "T1EX-SCI": "22",
        "T1IN-SCI": "16",
        "T2EX-SCI": "22",
        "T2IN-SCI": "17",
        "T1EX-SS": "28",
        "T1IN-SS": "16",
        "T2EX-SS": "19",
        "T2IN-SS": "17",
        "GRD_art": "A",
        "GRD_PT": "B+",
        "GRD_Com": "B",
        "TO-T1 GUJ": "76",
        "TO-T1 HIN": "65",
        "TO-T1 ENG": "39",
        "TO-T1 SAN": "55",
        "TO-T1 MTH": "37",
        "TO-T1 SCI": "38",
        "TO-T1 SS": "44",
        "TO-T2 GUJ": "77",
        "TO-T2 HIN": "50",
        "TO-T2 ENG": "41",
        "TO-T2 SAN": "60",
        "TO-T2 MTH": "46",
        "TO-T2 SCI": "39",
        "TO-T2 SS": "36",
        "GUJTM-1+2": "153",
        "HINTM-1+2": "115",
        "ENGTM-1+2": "80",
        "SANTM-1+2": "115",
        "MTHTM-1+2": "83",
        "SCITM-1+2": "77",
        "SSTM-1+2": "80",
        "GUJTM100": "77",
        "HINTM100": "58",
        "ENGTM100": "40",
        "SANTM100": "58",
        "MTHTM100": "42",
        "SCITM100": "39",
        "SSTM100": "40",
        "GUJGRD": "B+",
        "HINGRD": "C+",
        "ENGGRD": "D",
        "SANGRD": "C+",
        "MTHGRD": "C",
        "SCIGRD": "D",
        "SSGRD": "D",
        "GTO": "354",
        "AR RESULT": "PASS",
        "AR PERTANGE": "48.93",
        "AR OG": "C",
        "AR DATE": "28-Apr-25"
    },
    {
        "SR. No.": "24",
        "GR": "37",
        "name": "BORICHA PRIT A.",
        "standard": "7",
        "section": "D",
        "roll": "24",
        "dob": "2013/01/05",
        "T1EX-Guj": "59",
        "T1IN-Guj": "17",
        "T2EX-Guj": "64",
        "T2IN-Guj": "18",
        "T1EX-HIN": "42",
        "T1IN-HIN": "16",
        "T2EX-HIN": "30",
        "T2IN-HIN": "17",
        "T1EX-ENG": "17",
        "T1IN-ENG": "17",
        "T2EX-ENG": "23",
        "T2IN-ENG": "18",
        "T1EX-SAN": "38",
        "T1IN-SAN": "17",
        "T2EX-SAN": "38",
        "T2IN-SAN": "18",
        "T1EX-MTH": "28",
        "T1IN-MTH": "16",
        "T2EX-MTH": "33",
        "T2IN-MTH": "17",
        "T1EX-SCI": "21",
        "T1IN-SCI": "16",
        "T2EX-SCI": "22",
        "T2IN-SCI": "17",
        "T1EX-SS": "34",
        "T1IN-SS": "16",
        "T2EX-SS": "29",
        "T2IN-SS": "17",
        "GRD_art": "B+",
        "GRD_PT": "B+",
        "GRD_Com": "B",
        "TO-T1 GUJ": "76",
        "TO-T1 HIN": "58",
        "TO-T1 ENG": "34",
        "TO-T1 SAN": "55",
        "TO-T1 MTH": "44",
        "TO-T1 SCI": "37",
        "TO-T1 SS": "50",
        "TO-T2 GUJ": "82",
        "TO-T2 HIN": "47",
        "TO-T2 ENG": "41",
        "TO-T2 SAN": "56",
        "TO-T2 MTH": "50",
        "TO-T2 SCI": "39",
        "TO-T2 SS": "46",
        "GUJTM-1+2": "158",
        "HINTM-1+2": "105",
        "ENGTM-1+2": "75",
        "SANTM-1+2": "111",
        "MTHTM-1+2": "94",
        "SCITM-1+2": "76",
        "SSTM-1+2": "96",
        "GUJTM100": "79",
        "HINTM100": "53",
        "ENGTM100": "38",
        "SANTM100": "56",
        "MTHTM100": "47",
        "SCITM100": "38",
        "SSTM100": "48",
        "GUJGRD": "B+",
        "HINGRD": "C+",
        "ENGGRD": "D",
        "SANGRD": "C+",
        "MTHGRD": "C",
        "SCIGRD": "D",
        "SSGRD": "C",
        "GTO": "359",
        "AR RESULT": "PASS",
        "AR PERTANGE": "50.29",
        "AR OG": "C",
        "AR DATE": "28-Apr-25"
    },
    {
        "SR. No.": "25",
        "GR": "6",
        "name": "MUDEL SACHINKUMAR B.",
        "standard": "7",
        "section": "D",
        "roll": "25",
        "dob": "2011/08/15",
        "T1EX-Guj": "61",
        "T1IN-Guj": "16",
        "T2EX-Guj": "52",
        "T2IN-Guj": "17",
        "T1EX-HIN": "49",
        "T1IN-HIN": "16",
        "T2EX-HIN": "22",
        "T2IN-HIN": "17",
        "T1EX-ENG": "23",
        "T1IN-ENG": "17",
        "T2EX-ENG": "23",
        "T2IN-ENG": "18",
        "T1EX-SAN": "34",
        "T1IN-SAN": "17",
        "T2EX-SAN": "35",
        "T2IN-SAN": "18",
        "T1EX-MTH": "19",
        "T1IN-MTH": "18",
        "T2EX-MTH": "18",
        "T2IN-MTH": "18",
        "T1EX-SCI": "16",
        "T1IN-SCI": "16",
        "T2EX-SCI": "18",
        "T2IN-SCI": "17",
        "T1EX-SS": "24",
        "T1IN-SS": "16",
        "T2EX-SS": "22",
        "T2IN-SS": "17",
        "GRD_art": "A+",
        "GRD_PT": "A+",
        "GRD_Com": "C",
        "TO-T1 GUJ": "77",
        "TO-T1 HIN": "65",
        "TO-T1 ENG": "40",
        "TO-T1 SAN": "51",
        "TO-T1 MTH": "37",
        "TO-T1 SCI": "32",
        "TO-T1 SS": "40",
        "TO-T2 GUJ": "69",
        "TO-T2 HIN": "39",
        "TO-T2 ENG": "41",
        "TO-T2 SAN": "53",
        "TO-T2 MTH": "36",
        "TO-T2 SCI": "35",
        "TO-T2 SS": "39",
        "GUJTM-1+2": "146",
        "HINTM-1+2": "104",
        "ENGTM-1+2": "81",
        "SANTM-1+2": "104",
        "MTHTM-1+2": "73",
        "SCITM-1+2": "67",
        "SSTM-1+2": "79",
        "GUJTM100": "73",
        "HINTM100": "52",
        "ENGTM100": "41",
        "SANTM100": "52",
        "MTHTM100": "37",
        "SCITM100": "34",
        "SSTM100": "40",
        "GUJGRD": "B+",
        "HINGRD": "C+",
        "ENGGRD": "C",
        "SANGRD": "C+",
        "MTHGRD": "D",
        "SCIGRD": "D",
        "SSGRD": "D",
        "GTO": "329",
        "AR RESULT": "PASS",
        "AR PERTANGE": "46.79",
        "AR OG": "C",
        "AR DATE": "28-Apr-25"
    },
    {
        "SR. No.": "26",
        "GR": "11",
        "name": "DHOBI AJITKUMAR J.",
        "standard": "7",
        "section": "D",
        "roll": "26",
        "dob": "2012/10/23",
        "T1EX-Guj": "62",
        "T1IN-Guj": "16",
        "T2EX-Guj": "53",
        "T2IN-Guj": "17",
        "T1EX-HIN": "40",
        "T1IN-HIN": "16",
        "T2EX-HIN": "28",
        "T2IN-HIN": "17",
        "T1EX-ENG": "23",
        "T1IN-ENG": "17",
        "T2EX-ENG": "22",
        "T2IN-ENG": "18",
        "T1EX-SAN": "31",
        "T1IN-SAN": "17",
        "T2EX-SAN": "28",
        "T2IN-SAN": "17",
        "T1EX-MTH": "24",
        "T1IN-MTH": "17",
        "T2EX-MTH": "16",
        "T2IN-MTH": "17",
        "T1EX-SCI": "13",
        "T1IN-SCI": "16",
        "T2EX-SCI": "26",
        "T2IN-SCI": "17",
        "T1EX-SS": "32",
        "T1IN-SS": "16",
        "T2EX-SS": "25",
        "T2IN-SS": "17",
        "GRD_art": "A",
        "GRD_PT": "B",
        "GRD_Com": "C",
        "TO-T1 GUJ": "78",
        "TO-T1 HIN": "56",
        "TO-T1 ENG": "40",
        "TO-T1 SAN": "48",
        "TO-T1 MTH": "41",
        "TO-T1 SCI": "29",
        "TO-T1 SS": "48",
        "TO-T2 GUJ": "70",
        "TO-T2 HIN": "45",
        "TO-T2 ENG": "40",
        "TO-T2 SAN": "45",
        "TO-T2 MTH": "33",
        "TO-T2 SCI": "43",
        "TO-T2 SS": "42",
        "GUJTM-1+2": "148",
        "HINTM-1+2": "101",
        "ENGTM-1+2": "80",
        "SANTM-1+2": "93",
        "MTHTM-1+2": "74",
        "SCITM-1+2": "72",
        "SSTM-1+2": "90",
        "GUJTM100": "74",
        "HINTM100": "51",
        "ENGTM100": "40",
        "SANTM100": "47",
        "MTHTM100": "37",
        "SCITM100": "36",
        "SSTM100": "45",
        "GUJGRD": "B+",
        "HINGRD": "C+",
        "ENGGRD": "D",
        "SANGRD": "C",
        "MTHGRD": "D",
        "SCIGRD": "D",
        "SSGRD": "C",
        "GTO": "330",
        "AR RESULT": "PASS",
        "AR PERTANGE": "46.14",
        "AR OG": "C",
        "AR DATE": "28-Apr-25"
    },
    {
        "SR. No.": "27",
        "GR": "18",
        "name": "PUJARA VANRAJ V.",
        "standard": "7",
        "section": "D",
        "roll": "27",
        "dob": "2012/05/25",
        "T1EX-Guj": "55",
        "T1IN-Guj": "16",
        "T2EX-Guj": "50",
        "T2IN-Guj": "17",
        "T1EX-HIN": "33",
        "T1IN-HIN": "16",
        "T2EX-HIN": "36",
        "T2IN-HIN": "17",
        "T1EX-ENG": "23",
        "T1IN-ENG": "17",
        "T2EX-ENG": "26",
        "T2IN-ENG": "18",
        "T1EX-SAN": "31",
        "T1IN-SAN": "17",
        "T2EX-SAN": "31",
        "T2IN-SAN": "17",
        "T1EX-MTH": "17",
        "T1IN-MTH": "18",
        "T2EX-MTH": "20",
        "T2IN-MTH": "18",
        "T1EX-SCI": "14",
        "T1IN-SCI": "18",
        "T2EX-SCI": "28",
        "T2IN-SCI": "17",
        "T1EX-SS": "34",
        "T1IN-SS": "16",
        "T2EX-SS": "20",
        "T2IN-SS": "17",
        "GRD_art": "B+",
        "GRD_PT": "B+",
        "GRD_Com": "C",
        "TO-T1 GUJ": "71",
        "TO-T1 HIN": "49",
        "TO-T1 ENG": "40",
        "TO-T1 SAN": "48",
        "TO-T1 MTH": "35",
        "TO-T1 SCI": "32",
        "TO-T1 SS": "50",
        "TO-T2 GUJ": "67",
        "TO-T2 HIN": "53",
        "TO-T2 ENG": "44",
        "TO-T2 SAN": "48",
        "TO-T2 MTH": "38",
        "TO-T2 SCI": "45",
        "TO-T2 SS": "37",
        "GUJTM-1+2": "138",
        "HINTM-1+2": "102",
        "ENGTM-1+2": "84",
        "SANTM-1+2": "96",
        "MTHTM-1+2": "73",
        "SCITM-1+2": "77",
        "SSTM-1+2": "87",
        "GUJTM100": "69",
        "HINTM100": "51",
        "ENGTM100": "42",
        "SANTM100": "48",
        "MTHTM100": "37",
        "SCITM100": "39",
        "SSTM100": "44",
        "GUJGRD": "B",
        "HINGRD": "C+",
        "ENGGRD": "C",
        "SANGRD": "C",
        "MTHGRD": "D",
        "SCIGRD": "D",
        "SSGRD": "C",
        "GTO": "330",
        "AR RESULT": "PASS",
        "AR PERTANGE": "45.00",
        "AR OG": "C",
        "AR DATE": "28-Apr-25"
    },
    {
        "SR. No.": "28",
        "GR": "22",
        "name": "BARIA GAUTAMBHAI S.",
        "standard": "7",
        "section": "D",
        "roll": "28",
        "dob": "2012/09/27",
        "T1EX-Guj": "50",
        "T1IN-Guj": "15",
        "T2EX-Guj": "48",
        "T2IN-Guj": "16",
        "T1EX-HIN": "36",
        "T1IN-HIN": "16",
        "T2EX-HIN": "34",
        "T2IN-HIN": "17",
        "T1EX-ENG": "20",
        "T1IN-ENG": "17",
        "T2EX-ENG": "28",
        "T2IN-ENG": "18",
        "T1EX-SAN": "32",
        "T1IN-SAN": "17",
        "T2EX-SAN": "33",
        "T2IN-SAN": "18",
        "T1EX-MTH": "24",
        "T1IN-MTH": "16",
        "T2EX-MTH": "26",
        "T2IN-MTH": "17",
        "T1EX-SCI": "20",
        "T1IN-SCI": "16",
        "T2EX-SCI": "27",
        "T2IN-SCI": "17",
        "T1EX-SS": "31",
        "T1IN-SS": "16",
        "T2EX-SS": "27",
        "T2IN-SS": "17",
        "GRD_art": "B+",
        "GRD_PT": "A+",
        "GRD_Com": "B",
        "TO-T1 GUJ": "65",
        "TO-T1 HIN": "52",
        "TO-T1 ENG": "37",
        "TO-T1 SAN": "49",
        "TO-T1 MTH": "40",
        "TO-T1 SCI": "36",
        "TO-T1 SS": "47",
        "TO-T2 GUJ": "64",
        "TO-T2 HIN": "51",
        "TO-T2 ENG": "46",
        "TO-T2 SAN": "51",
        "TO-T2 MTH": "43",
        "TO-T2 SCI": "44",
        "TO-T2 SS": "44",
        "GUJTM-1+2": "129",
        "HINTM-1+2": "103",
        "ENGTM-1+2": "83",
        "SANTM-1+2": "100",
        "MTHTM-1+2": "83",
        "SCITM-1+2": "80",
        "SSTM-1+2": "91",
        "GUJTM100": "65",
        "HINTM100": "52",
        "ENGTM100": "42",
        "SANTM100": "50",
        "MTHTM100": "42",
        "SCITM100": "40",
        "SSTM100": "46",
        "GUJGRD": "B",
        "HINGRD": "C+",
        "ENGGRD": "C",
        "SANGRD": "C",
        "MTHGRD": "C",
        "SCIGRD": "D",
        "SSGRD": "C",
        "GTO": "337",
        "AR RESULT": "PASS",
        "AR PERTANGE": "47.00",
        "AR OG": "C",
        "AR DATE": "28-Apr-25"
    },
    {
        "SR. No.": "29",
        "GR": "23",
        "name": "GOHIL ADITYARAJ R.",
        "standard": "7",
        "section": "D",
        "roll": "29",
        "dob": "2012/08/21",
        "T1EX-Guj": "48",
        "T1IN-Guj": "16",
        "T2EX-Guj": "64",
        "T2IN-Guj": "18",
        "T1EX-HIN": "37",
        "T1IN-HIN": "16",
        "T2EX-HIN": "27",
        "T2IN-HIN": "17",
        "T1EX-ENG": "26",
        "T1IN-ENG": "17",
        "T2EX-ENG": "28",
        "T2IN-ENG": "18",
        "T1EX-SAN": "40",
        "T1IN-SAN": "17",
        "T2EX-SAN": "56",
        "T2IN-SAN": "19",
        "T1EX-MTH": "24",
        "T1IN-MTH": "16",
        "T2EX-MTH": "17",
        "T2IN-MTH": "17",
        "T1EX-SCI": "20",
        "T1IN-SCI": "16",
        "T2EX-SCI": "20",
        "T2IN-SCI": "17",
        "T1EX-SS": "30",
        "T1IN-SS": "16",
        "T2EX-SS": "31",
        "T2IN-SS": "17",
        "GRD_art": "A",
        "GRD_PT": "B+",
        "GRD_Com": "C",
        "TO-T1 GUJ": "64",
        "TO-T1 HIN": "53",
        "TO-T1 ENG": "43",
        "TO-T1 SAN": "57",
        "TO-T1 MTH": "40",
        "TO-T1 SCI": "36",
        "TO-T1 SS": "46",
        "TO-T2 GUJ": "82",
        "TO-T2 HIN": "44",
        "TO-T2 ENG": "46",
        "TO-T2 SAN": "75",
        "TO-T2 MTH": "34",
        "TO-T2 SCI": "37",
        "TO-T2 SS": "48",
        "GUJTM-1+2": "146",
        "HINTM-1+2": "97",
        "ENGTM-1+2": "89",
        "SANTM-1+2": "132",
        "MTHTM-1+2": "74",
        "SCITM-1+2": "73",
        "SSTM-1+2": "94",
        "GUJTM100": "73",
        "HINTM100": "49",
        "ENGTM100": "45",
        "SANTM100": "66",
        "MTHTM100": "37",
        "SCITM100": "37",
        "SSTM100": "47",
        "GUJGRD": "B+",
        "HINGRD": "C",
        "ENGGRD": "C",
        "SANGRD": "B",
        "MTHGRD": "D",
        "SCIGRD": "D",
        "SSGRD": "C",
        "GTO": "354",
        "AR RESULT": "PASS",
        "AR PERTANGE": "48.57",
        "AR OG": "C",
        "AR DATE": "28-Apr-25"
    },
    {
        "SR. No.": "30",
        "GR": "34",
        "name": "BHATIYA KEVAL K..",
        "standard": "7",
        "section": "D",
        "roll": "30",
        "dob": "2012/12/28",
        "T1EX-Guj": "58",
        "T1IN-Guj": "18",
        "T2EX-Guj": "69",
        "T2IN-Guj": "19",
        "T1EX-HIN": "45",
        "T1IN-HIN": "17",
        "T2EX-HIN": "29",
        "T2IN-HIN": "17",
        "T1EX-ENG": "13",
        "T1IN-ENG": "17",
        "T2EX-ENG": "18",
        "T2IN-ENG": "18",
        "T1EX-SAN": "25",
        "T1IN-SAN": "17",
        "T2EX-SAN": "38",
        "T2IN-SAN": "18",
        "T1EX-MTH": "24",
        "T1IN-MTH": "16",
        "T2EX-MTH": "26",
        "T2IN-MTH": "17",
        "T1EX-SCI": "39",
        "T1IN-SCI": "16",
        "T2EX-SCI": "26",
        "T2IN-SCI": "17",
        "T1EX-SS": "28",
        "T1IN-SS": "16",
        "T2EX-SS": "22",
        "T2IN-SS": "17",
        "GRD_art": "A+",
        "GRD_PT": "A",
        "GRD_Com": "B+",
        "TO-T1 GUJ": "76",
        "TO-T1 HIN": "62",
        "TO-T1 ENG": "30",
        "TO-T1 SAN": "42",
        "TO-T1 MTH": "40",
        "TO-T1 SCI": "55",
        "TO-T1 SS": "44",
        "TO-T2 GUJ": "88",
        "TO-T2 HIN": "46",
        "TO-T2 ENG": "36",
        "TO-T2 SAN": "56",
        "TO-T2 MTH": "43",
        "TO-T2 SCI": "43",
        "TO-T2 SS": "39",
        "GUJTM-1+2": "164",
        "HINTM-1+2": "108",
        "ENGTM-1+2": "66",
        "SANTM-1+2": "98",
        "MTHTM-1+2": "83",
        "SCITM-1+2": "98",
        "SSTM-1+2": "83",
        "GUJTM100": "82",
        "HINTM100": "54",
        "ENGTM100": "33",
        "SANTM100": "49",
        "MTHTM100": "42",
        "SCITM100": "49",
        "SSTM100": "42",
        "GUJGRD": "A",
        "HINGRD": "C+",
        "ENGGRD": "D",
        "SANGRD": "C",
        "MTHGRD": "C",
        "SCIGRD": "C",
        "SSGRD": "C",
        "GTO": "351",
        "AR RESULT": "PASS",
        "AR PERTANGE": "46.86",
        "AR OG": "C",
        "AR DATE": "28-Apr-25"
    },
    {
        "SR. No.": "31",
        "GR": "132",
        "name": "KATARA MEET R.",
        "standard": "7",
        "section": "D",
        "roll": "31",
        "dob": "2012/10/13",
        "T1EX-Guj": "77",
        "T1IN-Guj": "20",
        "T2EX-Guj": "78",
        "T2IN-Guj": "20",
        "T1EX-HIN": "67",
        "T1IN-HIN": "19",
        "T2EX-HIN": "71",
        "T2IN-HIN": "20",
        "T1EX-ENG": "68",
        "T1IN-ENG": "20",
        "T2EX-ENG": "62",
        "T2IN-ENG": "20",
        "T1EX-SAN": "74",
        "T1IN-SAN": "20",
        "T2EX-SAN": "74",
        "T2IN-SAN": "20",
        "T1EX-MTH": "60",
        "T1IN-MTH": "19",
        "T2EX-MTH": "73",
        "T2IN-MTH": "20",
        "T1EX-SCI": "74",
        "T1IN-SCI": "20",
        "T2EX-SCI": "75",
        "T2IN-SCI": "20",
        "T1EX-SS": "68",
        "T1IN-SS": "19",
        "T2EX-SS": "75",
        "T2IN-SS": "20",
        "GRD_art": "A+",
        "GRD_PT": "A+",
        "GRD_Com": "A+",
        "TO-T1 GUJ": "97",
        "TO-T1 HIN": "86",
        "TO-T1 ENG": "88",
        "TO-T1 SAN": "94",
        "TO-T1 MTH": "79",
        "TO-T1 SCI": "94",
        "TO-T1 SS": "87",
        "TO-T2 GUJ": "98",
        "TO-T2 HIN": "91",
        "TO-T2 ENG": "82",
        "TO-T2 SAN": "94",
        "TO-T2 MTH": "93",
        "TO-T2 SCI": "95",
        "TO-T2 SS": "95",
        "GUJTM-1+2": "195",
        "HINTM-1+2": "177",
        "ENGTM-1+2": "170",
        "SANTM-1+2": "188",
        "MTHTM-1+2": "172",
        "SCITM-1+2": "189",
        "SSTM-1+2": "182",
        "GUJTM100": "98",
        "HINTM100": "89",
        "ENGTM100": "85",
        "SANTM100": "94",
        "MTHTM100": "86",
        "SCITM100": "95",
        "SSTM100": "91",
        "GUJGRD": "A+",
        "HINGRD": "A",
        "ENGGRD": "A",
        "SANGRD": "A+",
        "MTHGRD": "A",
        "SCIGRD": "A+",
        "SSGRD": "A+",
        "GTO": "638",
        "AR RESULT": "PASS",
        "AR PERTANGE": "87.89",
        "AR OG": "A",
        "AR DATE": "28-Apr-25"
    },
    {
        "SR. No.": "",
        "GR": "",
        "name": "",
        "standard": "",
        "section": "",
        "roll": "",
        "dob": "",
        "T1EX-Guj": "",
        "T1IN-Guj": "",
        "T2EX-Guj": "",
        "T2IN-Guj": "",
        "T1EX-HIN": "",
        "T1IN-HIN": "",
        "T2EX-HIN": "",
        "T2IN-HIN": "",
        "T1EX-ENG": "",
        "T1IN-ENG": "",
        "T2EX-ENG": "",
        "T2IN-ENG": "",
        "T1EX-SAN": "",
        "T1IN-SAN": "",
        "T2EX-SAN": "",
        "T2IN-SAN": "",
        "T1EX-MTH": "",
        "T1IN-MTH": "",
        "T2EX-MTH": "",
        "T2IN-MTH": "",
        "T1EX-SCI": "",
        "T1IN-SCI": "",
        "T2EX-SCI": "",
        "T2IN-SCI": "",
        "T1EX-SS": "",
        "T1IN-SS": "",
        "T2EX-SS": "",
        "T2IN-SS": "",
        "GRD_art": "",
        "GRD_PT": "",
        "GRD_Com": "",
        "TO-T1 GUJ": "",
        "TO-T1 HIN": "",
        "TO-T1 ENG": "",
        "TO-T1 SAN": "",
        "TO-T1 MTH": "",
        "TO-T1 SCI": "",
        "TO-T1 SS": "",
        "TO-T2 GUJ": "",
        "TO-T2 HIN": "",
        "TO-T2 ENG": "",
        "TO-T2 SAN": "",
        "TO-T2 MTH": "",
        "TO-T2 SCI": "",
        "TO-T2 SS": "",
        "GUJTM-1+2": "",
        "HINTM-1+2": "",
        "ENGTM-1+2": "",
        "SANTM-1+2": "",
        "MTHTM-1+2": "",
        "SCITM-1+2": "",
        "SSTM-1+2": "",
        "GUJTM100": "",
        "HINTM100": "",
        "ENGTM100": "",
        "SANTM100": "",
        "MTHTM100": "",
        "SCITM100": "",
        "SSTM100": "",
        "GUJGRD": "",
        "HINGRD": "",
        "ENGGRD": "",
        "SANGRD": "",
        "MTHGRD": "",
        "SCIGRD": "",
        "SSGRD": "",
        "GTO": "",
        "AR RESULT": "",
        "AR PERTANGE": "",
        "AR OG": "",
        "AR DATE": ""
    },
    {
        "SR. No.": "",
        "GR": "",
        "name": "",
        "standard": "",
        "section": "",
        "roll": "",
        "dob": "",
        "T1EX-Guj": "",
        "T1IN-Guj": "",
        "T2EX-Guj": "",
        "T2IN-Guj": "",
        "T1EX-HIN": "",
        "T1IN-HIN": "",
        "T2EX-HIN": "",
        "T2IN-HIN": "",
        "T1EX-ENG": "",
        "T1IN-ENG": "",
        "T2EX-ENG": "",
        "T2IN-ENG": "",
        "T1EX-SAN": "",
        "T1IN-SAN": "",
        "T2EX-SAN": "",
        "T2IN-SAN": "",
        "T1EX-MTH": "",
        "T1IN-MTH": "",
        "T2EX-MTH": "",
        "T2IN-MTH": "",
        "T1EX-SCI": "",
        "T1IN-SCI": "",
        "T2EX-SCI": "",
        "T2IN-SCI": "",
        "T1EX-SS": "",
        "T1IN-SS": "",
        "T2EX-SS": "",
        "T2IN-SS": "",
        "GRD_art": "",
        "GRD_PT": "",
        "GRD_Com": "",
        "TO-T1 GUJ": "",
        "TO-T1 HIN": "",
        "TO-T1 ENG": "",
        "TO-T1 SAN": "",
        "TO-T1 MTH": "",
        "TO-T1 SCI": "",
        "TO-T1 SS": "",
        "TO-T2 GUJ": "",
        "TO-T2 HIN": "",
        "TO-T2 ENG": "",
        "TO-T2 SAN": "",
        "TO-T2 MTH": "",
        "TO-T2 SCI": "",
        "TO-T2 SS": "",
        "GUJTM-1+2": "",
        "HINTM-1+2": "",
        "ENGTM-1+2": "",
        "SANTM-1+2": "",
        "MTHTM-1+2": "",
        "SCITM-1+2": "",
        "SSTM-1+2": "",
        "GUJTM100": "",
        "HINTM100": "",
        "ENGTM100": "",
        "SANTM100": "",
        "MTHTM100": "",
        "SCITM100": "",
        "SSTM100": "",
        "GUJGRD": "",
        "HINGRD": "",
        "ENGGRD": "",
        "SANGRD": "",
        "MTHGRD": "",
        "SCIGRD": "",
        "SSGRD": "",
        "GTO": "",
        "AR RESULT": "",
        "AR PERTANGE": "",
        "AR OG": "",
        "AR DATE": ""
    },
    {
        "SR. No.": "",
        "GR": "",
        "name": "",
        "standard": "",
        "section": "",
        "roll": "",
        "dob": "",
        "T1EX-Guj": "",
        "T1IN-Guj": "",
        "T2EX-Guj": "",
        "T2IN-Guj": "",
        "T1EX-HIN": "",
        "T1IN-HIN": "",
        "T2EX-HIN": "",
        "T2IN-HIN": "",
        "T1EX-ENG": "",
        "T1IN-ENG": "",
        "T2EX-ENG": "",
        "T2IN-ENG": "",
        "T1EX-SAN": "",
        "T1IN-SAN": "",
        "T2EX-SAN": "",
        "T2IN-SAN": "",
        "T1EX-MTH": "",
        "T1IN-MTH": "",
        "T2EX-MTH": "",
        "T2IN-MTH": "",
        "T1EX-SCI": "",
        "T1IN-SCI": "",
        "T2EX-SCI": "",
        "T2IN-SCI": "",
        "T1EX-SS": "",
        "T1IN-SS": "",
        "T2EX-SS": "",
        "T2IN-SS": "",
        "GRD_art": "",
        "GRD_PT": "",
        "GRD_Com": "",
        "TO-T1 GUJ": "",
        "TO-T1 HIN": "",
        "TO-T1 ENG": "",
        "TO-T1 SAN": "",
        "TO-T1 MTH": "",
        "TO-T1 SCI": "",
        "TO-T1 SS": "",
        "TO-T2 GUJ": "",
        "TO-T2 HIN": "",
        "TO-T2 ENG": "",
        "TO-T2 SAN": "",
        "TO-T2 MTH": "",
        "TO-T2 SCI": "",
        "TO-T2 SS": "",
        "GUJTM-1+2": "",
        "HINTM-1+2": "",
        "ENGTM-1+2": "",
        "SANTM-1+2": "",
        "MTHTM-1+2": "",
        "SCITM-1+2": "",
        "SSTM-1+2": "",
        "GUJTM100": "",
        "HINTM100": "",
        "ENGTM100": "",
        "SANTM100": "",
        "MTHTM100": "",
        "SCITM100": "",
        "SSTM100": "",
        "GUJGRD": "",
        "HINGRD": "",
        "ENGGRD": "",
        "SANGRD": "",
        "MTHGRD": "",
        "SCIGRD": "",
        "SSGRD": "",
        "GTO": "",
        "AR RESULT": "",
        "AR PERTANGE": "",
        "AR OG": "",
        "AR DATE": ""
    }
]